{
    "inputs" : [
        {
            "creationTimeStamp" : "2023-11-27T13:06:34.011Z",
            "modifiedTimeStamp" : "2023-11-27T13:36:27.255Z",
            "createdBy" : "geldmui@gelenable.sas.com",
            "modifiedBy" : "geldmui@gelenable.sas.com",
            "id" : "e7a0d71d-0c38-4058-be40-e5784b1b088b",
            "direction" : "inOut",
            "name" : "BlueBookPrice",
            "dataType" : "decimal",
            "generateDataGridColumns" : false,
            "legacy" : false
        },
        {
            "creationTimeStamp" : "2023-11-27T13:06:34.019Z",
            "modifiedTimeStamp" : "2023-11-27T13:36:27.255Z",
            "createdBy" : "geldmui@gelenable.sas.com",
            "modifiedBy" : "geldmui@gelenable.sas.com",
            "id" : "ccd0f2a0-45b6-48e2-b89b-d33e0f96d947",
            "direction" : "inOut",
            "name" : "CurrentBid",
            "dataType" : "decimal",
            "generateDataGridColumns" : false,
            "legacy" : false
        },
        {
            "creationTimeStamp" : "2023-11-27T13:06:34.022Z",
            "modifiedTimeStamp" : "2023-11-27T13:36:27.255Z",
            "createdBy" : "geldmui@gelenable.sas.com",
            "modifiedBy" : "geldmui@gelenable.sas.com",
            "id" : "bb7cf3b5-c32b-4f41-987e-990097986ced",
            "direction" : "inOut",
            "name" : "Make",
            "dataType" : "string",
            "length" : 20,
            "generateDataGridColumns" : false,
            "legacy" : false
        },
        {
            "creationTimeStamp" : "2023-11-27T13:06:34.024Z",
            "modifiedTimeStamp" : "2023-11-27T13:36:27.255Z",
            "createdBy" : "geldmui@gelenable.sas.com",
            "modifiedBy" : "geldmui@gelenable.sas.com",
            "id" : "c1fb9293-f6ab-4584-9c04-2a8897c7b1af",
            "direction" : "inOut",
            "name" : "Miles",
            "dataType" : "decimal",
            "generateDataGridColumns" : false,
            "legacy" : false
        },
        {
            "creationTimeStamp" : "2023-11-27T13:06:34.026Z",
            "modifiedTimeStamp" : "2023-11-27T13:36:27.255Z",
            "createdBy" : "geldmui@gelenable.sas.com",
            "modifiedBy" : "geldmui@gelenable.sas.com",
            "id" : "8fd20f2b-e76c-4a40-add7-d4a651c3b8f3",
            "direction" : "inOut",
            "name" : "Model",
            "dataType" : "string",
            "length" : 20,
            "generateDataGridColumns" : false,
            "legacy" : false
        },
        {
            "creationTimeStamp" : "2023-11-27T13:06:34.028Z",
            "modifiedTimeStamp" : "2023-11-27T13:36:27.255Z",
            "createdBy" : "geldmui@gelenable.sas.com",
            "modifiedBy" : "geldmui@gelenable.sas.com",
            "id" : "6c491fdc-cdd8-43fa-937c-c0a1c19de6c0",
            "direction" : "inOut",
            "name" : "OriginalInvoice",
            "dataType" : "decimal",
            "generateDataGridColumns" : false,
            "legacy" : false
        },
        {
            "creationTimeStamp" : "2023-11-27T13:06:34.030Z",
            "modifiedTimeStamp" : "2023-11-27T13:36:27.255Z",
            "createdBy" : "geldmui@gelenable.sas.com",
            "modifiedBy" : "geldmui@gelenable.sas.com",
            "id" : "58735d62-78a5-4173-83b0-d3fcfefd38d9",
            "direction" : "inOut",
            "name" : "OriginalMSRP",
            "dataType" : "decimal",
            "generateDataGridColumns" : false,
            "legacy" : false
        },
        {
            "creationTimeStamp" : "2023-11-27T13:06:34.034Z",
            "modifiedTimeStamp" : "2023-11-27T13:36:27.255Z",
            "createdBy" : "geldmui@gelenable.sas.com",
            "modifiedBy" : "geldmui@gelenable.sas.com",
            "id" : "f51e1e2b-f155-42b8-b4b5-d34746b790db",
            "direction" : "inOut",
            "name" : "VIN",
            "dataType" : "string",
            "length" : 17,
            "generateDataGridColumns" : false,
            "legacy" : false
        },
        {
            "creationTimeStamp" : "2023-11-27T13:06:34.036Z",
            "modifiedTimeStamp" : "2023-11-27T13:36:27.255Z",
            "createdBy" : "geldmui@gelenable.sas.com",
            "modifiedBy" : "geldmui@gelenable.sas.com",
            "id" : "1ca77312-dfee-4ef8-9963-19358d4b4e59",
            "direction" : "inOut",
            "name" : "Year",
            "dataType" : "decimal",
            "generateDataGridColumns" : false,
            "legacy" : false
        },
        {
            "creationTimeStamp" : "2023-11-27T13:06:34.032Z",
            "modifiedTimeStamp" : "2023-11-27T13:36:27.255Z",
            "createdBy" : "geldmui@gelenable.sas.com",
            "modifiedBy" : "geldmui@gelenable.sas.com",
            "id" : "756fc850-56c5-4bf5-807f-bbe7defb5992",
            "direction" : "inOut",
            "name" : "state",
            "dataType" : "string",
            "length" : 2,
            "generateDataGridColumns" : false,
            "legacy" : false
        }
    ],
    "outputs" : [
        {
            "creationTimeStamp" : "2023-11-27T13:06:34.003Z",
            "modifiedTimeStamp" : "2023-11-27T13:36:27.255Z",
            "createdBy" : "geldmui@gelenable.sas.com",
            "modifiedBy" : "geldmui@gelenable.sas.com",
            "id" : "535848dc-7c94-4a67-937a-2fa9a2365bee",
            "direction" : "output",
            "name" : "Bid",
            "dataType" : "boolean",
            "description" : "Whether we want to bid or not",
            "generateDataGridColumns" : false,
            "legacy" : false
        },
        {
            "creationTimeStamp" : "2023-11-27T13:06:34.011Z",
            "modifiedTimeStamp" : "2023-11-27T13:36:27.255Z",
            "createdBy" : "geldmui@gelenable.sas.com",
            "modifiedBy" : "geldmui@gelenable.sas.com",
            "id" : "e7a0d71d-0c38-4058-be40-e5784b1b088b",
            "direction" : "inOut",
            "name" : "BlueBookPrice",
            "dataType" : "decimal",
            "generateDataGridColumns" : false,
            "legacy" : false
        },
        {
            "creationTimeStamp" : "2023-11-27T13:06:34.019Z",
            "modifiedTimeStamp" : "2023-11-27T13:36:27.255Z",
            "createdBy" : "geldmui@gelenable.sas.com",
            "modifiedBy" : "geldmui@gelenable.sas.com",
            "id" : "ccd0f2a0-45b6-48e2-b89b-d33e0f96d947",
            "direction" : "inOut",
            "name" : "CurrentBid",
            "dataType" : "decimal",
            "generateDataGridColumns" : false,
            "legacy" : false
        },
        {
            "creationTimeStamp" : "2023-11-27T13:39:45.017Z",
            "modifiedTimeStamp" : "2023-11-27T13:39:58.592Z",
            "createdBy" : "geldmui@gelenable.sas.com",
            "modifiedBy" : "geldmui@gelenable.sas.com",
            "id" : "ad17f84f-db6e-4948-aeda-2ab2f2cd3791",
            "direction" : "output",
            "name" : "EM_PREDICTION",
            "dataType" : "decimal",
            "description" : "",
            "generateDataGridColumns" : false,
            "legacy" : false
        },
        {
            "creationTimeStamp" : "2023-11-27T13:06:34.022Z",
            "modifiedTimeStamp" : "2023-11-27T13:36:27.255Z",
            "createdBy" : "geldmui@gelenable.sas.com",
            "modifiedBy" : "geldmui@gelenable.sas.com",
            "id" : "bb7cf3b5-c32b-4f41-987e-990097986ced",
            "direction" : "inOut",
            "name" : "Make",
            "dataType" : "string",
            "length" : 20,
            "generateDataGridColumns" : false,
            "legacy" : false
        },
        {
            "creationTimeStamp" : "2023-11-27T13:06:34.024Z",
            "modifiedTimeStamp" : "2023-11-27T13:36:27.255Z",
            "createdBy" : "geldmui@gelenable.sas.com",
            "modifiedBy" : "geldmui@gelenable.sas.com",
            "id" : "c1fb9293-f6ab-4584-9c04-2a8897c7b1af",
            "direction" : "inOut",
            "name" : "Miles",
            "dataType" : "decimal",
            "generateDataGridColumns" : false,
            "legacy" : false
        },
        {
            "creationTimeStamp" : "2023-11-27T13:06:34.026Z",
            "modifiedTimeStamp" : "2023-11-27T13:36:27.255Z",
            "createdBy" : "geldmui@gelenable.sas.com",
            "modifiedBy" : "geldmui@gelenable.sas.com",
            "id" : "8fd20f2b-e76c-4a40-add7-d4a651c3b8f3",
            "direction" : "inOut",
            "name" : "Model",
            "dataType" : "string",
            "length" : 20,
            "generateDataGridColumns" : false,
            "legacy" : false
        },
        {
            "creationTimeStamp" : "2023-11-27T13:06:34.028Z",
            "modifiedTimeStamp" : "2023-11-27T13:36:27.255Z",
            "createdBy" : "geldmui@gelenable.sas.com",
            "modifiedBy" : "geldmui@gelenable.sas.com",
            "id" : "6c491fdc-cdd8-43fa-937c-c0a1c19de6c0",
            "direction" : "inOut",
            "name" : "OriginalInvoice",
            "dataType" : "decimal",
            "generateDataGridColumns" : false,
            "legacy" : false
        },
        {
            "creationTimeStamp" : "2023-11-27T13:06:34.030Z",
            "modifiedTimeStamp" : "2023-11-27T13:36:27.255Z",
            "createdBy" : "geldmui@gelenable.sas.com",
            "modifiedBy" : "geldmui@gelenable.sas.com",
            "id" : "58735d62-78a5-4173-83b0-d3fcfefd38d9",
            "direction" : "inOut",
            "name" : "OriginalMSRP",
            "dataType" : "decimal",
            "generateDataGridColumns" : false,
            "legacy" : false
        },
        {
            "creationTimeStamp" : "2023-11-27T13:39:45.019Z",
            "modifiedTimeStamp" : "2023-11-27T13:39:58.592Z",
            "createdBy" : "geldmui@gelenable.sas.com",
            "modifiedBy" : "geldmui@gelenable.sas.com",
            "id" : "2df0c76e-7823-4294-b726-d4dd20bbe5e8",
            "direction" : "output",
            "name" : "P_BlueBookPrice",
            "dataType" : "decimal",
            "description" : "",
            "defaultValue" : "",
            "generateDataGridColumns" : false,
            "legacy" : false
        },
        {
            "creationTimeStamp" : "2023-11-27T13:06:34.034Z",
            "modifiedTimeStamp" : "2023-11-27T13:36:27.255Z",
            "createdBy" : "geldmui@gelenable.sas.com",
            "modifiedBy" : "geldmui@gelenable.sas.com",
            "id" : "f51e1e2b-f155-42b8-b4b5-d34746b790db",
            "direction" : "inOut",
            "name" : "VIN",
            "dataType" : "string",
            "length" : 17,
            "generateDataGridColumns" : false,
            "legacy" : false
        },
        {
            "creationTimeStamp" : "2023-11-27T13:06:34.036Z",
            "modifiedTimeStamp" : "2023-11-27T13:36:27.255Z",
            "createdBy" : "geldmui@gelenable.sas.com",
            "modifiedBy" : "geldmui@gelenable.sas.com",
            "id" : "1ca77312-dfee-4ef8-9963-19358d4b4e59",
            "direction" : "inOut",
            "name" : "Year",
            "dataType" : "decimal",
            "generateDataGridColumns" : false,
            "legacy" : false
        },
        {
            "creationTimeStamp" : "2023-11-27T13:06:34.038Z",
            "modifiedTimeStamp" : "2023-11-27T13:36:27.255Z",
            "createdBy" : "geldmui@gelenable.sas.com",
            "modifiedBy" : "geldmui@gelenable.sas.com",
            "id" : "ff2e9468-8b6a-4eb1-ac1b-97fafa86e703",
            "direction" : "output",
            "name" : "bidCommand",
            "dataType" : "string",
            "generateDataGridColumns" : false,
            "legacy" : false
        },
        {
            "creationTimeStamp" : "2023-11-27T13:06:34.016Z",
            "modifiedTimeStamp" : "2023-11-27T13:36:27.255Z",
            "createdBy" : "geldmui@gelenable.sas.com",
            "modifiedBy" : "geldmui@gelenable.sas.com",
            "id" : "a0f593f7-798b-4728-b8ae-a5ab61000f52",
            "direction" : "output",
            "name" : "callOffice",
            "dataType" : "boolean",
            "description" : "call for help",
            "defaultValue" : "",
            "generateDataGridColumns" : false,
            "legacy" : false
        },
        {
            "creationTimeStamp" : "2023-11-27T13:06:34.032Z",
            "modifiedTimeStamp" : "2023-11-27T13:36:27.255Z",
            "createdBy" : "geldmui@gelenable.sas.com",
            "modifiedBy" : "geldmui@gelenable.sas.com",
            "id" : "756fc850-56c5-4bf5-807f-bbe7defb5992",
            "direction" : "inOut",
            "name" : "state",
            "dataType" : "string",
            "length" : 2,
            "generateDataGridColumns" : false,
            "legacy" : false
        }
    ]
}