{
  "creationTimeStamp" : "0001-01-01T00:00:00Z",
  "modifiedTimeStamp" : "0001-01-01T00:00:00Z",
  "revision" : 0,
  "name" : "dmcas_fitstat",
  "version" : 0,
  "order" : 0,
  "parameterMap" : {
    "_ASE_" : {
      "label" : "Average Squared Error",
      "length" : 8,
      "order" : 6,
      "parameter" : "_ASE_",
      "preformatted" : false,
      "type" : "num",
      "values" : [ "_ASE_" ]
    },
    "_DIV_" : {
      "label" : "Divisor for ASE",
      "length" : 8,
      "order" : 7,
      "parameter" : "_DIV_",
      "preformatted" : false,
      "type" : "num",
      "values" : [ "_DIV_" ]
    },
    "_DataRole_" : {
      "label" : "Data Role",
      "length" : 10,
      "order" : 2,
      "parameter" : "_DataRole_",
      "preformatted" : false,
      "type" : "char",
      "values" : [ "_DataRole_" ]
    },
    "_MAE_" : {
      "label" : "Mean Absolute Error",
      "length" : 8,
      "order" : 9,
      "parameter" : "_MAE_",
      "preformatted" : false,
      "type" : "num",
      "values" : [ "_MAE_" ]
    },
    "_MSLE_" : {
      "label" : "Mean Squared Logarithmic Error",
      "length" : 8,
      "order" : 11,
      "parameter" : "_MSLE_",
      "preformatted" : false,
      "type" : "num",
      "values" : [ "_MSLE_" ]
    },
    "_NObs_" : {
      "label" : "Number of Observations",
      "length" : 8,
      "order" : 5,
      "parameter" : "_NObs_",
      "preformatted" : false,
      "type" : "num",
      "values" : [ "_NObs_" ]
    },
    "_PartInd_" : {
      "label" : "Partition Indicator",
      "length" : 8,
      "order" : 3,
      "parameter" : "_PartInd_",
      "preformatted" : false,
      "type" : "num",
      "values" : [ "_PartInd_" ]
    },
    "_RASE_" : {
      "label" : "Root Average Squared Error",
      "length" : 8,
      "order" : 8,
      "parameter" : "_RASE_",
      "preformatted" : false,
      "type" : "num",
      "values" : [ "_RASE_" ]
    },
    "_RMAE_" : {
      "label" : "Root Mean Absolute Error",
      "length" : 8,
      "order" : 10,
      "parameter" : "_RMAE_",
      "preformatted" : false,
      "type" : "num",
      "values" : [ "_RMAE_" ]
    },
    "_RMSLE_" : {
      "label" : "Root Mean Squared Logarithmic Error",
      "length" : 8,
      "order" : 12,
      "parameter" : "_RMSLE_",
      "preformatted" : false,
      "type" : "num",
      "values" : [ "_RMSLE_" ]
    },
    "_TargetName_" : {
      "label" : "Target Name",
      "length" : 13,
      "order" : 1,
      "parameter" : "_TargetName_",
      "preformatted" : false,
      "type" : "char",
      "values" : [ "_TargetName_" ]
    },
    "_formattedPartition_" : {
      "label" : "Formatted Partition",
      "length" : 12,
      "order" : 4,
      "parameter" : "_formattedPartition_",
      "preformatted" : false,
      "type" : "char",
      "values" : [ "_formattedPartition_" ]
    }
  },
  "data" : [ {
    "dataMap" : {
      "_ASE_" : "88250000",
      "_DIV_" : "4",
      "_DataRole_" : "VALIDATE",
      "_MAE_" : "6750",
      "_MSLE_" : "0.335083004105",
      "_NObs_" : "4",
      "_PartInd_" : "0",
      "_RASE_" : "9394.14711403",
      "_RMAE_" : "82.1583836258",
      "_RMSLE_" : "0.578863545324",
      "_TargetName_" : "BlueBookPrice",
      "_formattedPartition_" : "           0"
    },
    "rowNumber" : 1
  }, {
    "dataMap" : {
      "_ASE_" : "8.63686850254e-21",
      "_DIV_" : "9",
      "_DataRole_" : "TRAIN",
      "_MAE_" : "9.23642397134e-11",
      "_MSLE_" : "7.152338874e-29",
      "_NObs_" : "9",
      "_PartInd_" : "1",
      "_RASE_" : "9.29347540081e-11",
      "_RMAE_" : "0.00000961063159805",
      "_RMSLE_" : "8.45715015475e-15",
      "_TargetName_" : "BlueBookPrice",
      "_formattedPartition_" : "           1"
    },
    "rowNumber" : 2
  }, {
    "dataMap" : {
      "_ASE_" : "1089000000",
      "_DIV_" : "1",
      "_DataRole_" : "TEST",
      "_MAE_" : "33000",
      "_MSLE_" : "1.74687696485",
      "_NObs_" : "1",
      "_PartInd_" : "2",
      "_RASE_" : "33000",
      "_RMAE_" : "181.659021246",
      "_RMSLE_" : "1.3216947321",
      "_TargetName_" : "BlueBookPrice",
      "_formattedPartition_" : "           2"
    },
    "rowNumber" : 3
  } ],
  "xInteger" : false,
  "yInteger" : false
}