{
  "product" : "DMCAS",
  "project" : "ea1d8e57-b1a9-4964-84c2-e088999385ea",
  "target" : {
    "name" : "BlueBookPrice",
    "level" : "INTERVAL",
    "format" : "",
    "order" : "",
    "label" : "",
    "event" : "",
    "SASJSONExport" : "1.0 PRETTY",
    "SASTableData+DMCAS_TARGETLEVEL" : [ {
      "_TYPE_" : "",
      "resourceId" : "f0f10930-665b-45ad-a4a5-8e0bdb88ac13",
      "id" : "ea1d8e57-b1a9-4964-84c2-e088999385ea",
      "_predictedvar_" : "P_BlueBookPrice",
      "_variable_" : "BlueBookPrice",
      "_rawchar_" : "",
      "_cfmt_" : "",
      "_label_" : "Predicted: BlueBookPrice",
      "_event_flag_" : "N",
      "revision" : 0
    } ]
  }
}