{
   "creationTimeStamp": "2023-11-27T13:21:47.772Z",
   "createdBy": "geldmui@gelenable.sas.com",
   "modifiedTimeStamp": "2023-11-27T13:21:47.772Z",
   "modifiedBy": "geldmui@gelenable.sas.com",
   "id": "873a3528-7945-4e3a-80dc-11f93f56b5d1",
   "name": "Linear Regression (Pipeline 1)",
   "scoreCodeType": "dataStep",
   "algorithm": "linearreg",
   "function": "prediction",
   "modeler": "geldmui@gelenable.sas.com",
   "trainTable": "/dataTables/dataSources/cas~fs~cas-shared-default~fs~CASUSER(geldmui@gelenable.sas.com)/tables/AUTOAUCTIONINPUT",
   "predictionVariable": "P_BlueBookPrice",
   "eventProbVar": "P_BlueBookPrice",
   "targetVariable": "BlueBookPrice",
   "targetLevel": "interval",
   "tool": "Model Studio",
   "toolVersion": "V2022.09",
   "externalModelId": "ec4dc9de-322c-43b7-aa5f-63385e248967",
   "modelVersionName": "1.1",
   "custom properties": []
}